# {"t_start": 1581374781.8877733, "env_id": "virtualhome-v0"} 
r,l,t
0.0,31,7.98787
0.0,31,11.56919
0.0,31,15.252806
0.0,31,18.800535
0.025391,31,22.389986
0.0,31,26.23118
0.0,31,29.671858
0.0,31,33.770428
