{"character": [1.34859753, 1.67078674, 0.515387952], "bathroom": [8.0, 3.0, 5.5], "floor": [2.5, 9.049975e-06, 2.5], "wall": [2.50000882, 2.50000954, 0.0600038655], "ceiling": [2.5, 9.059906e-06, 2.5], "rug": [4.39023733, 0.0279909279, 3.36963773], "curtains": [0.107338034, 1.15232611, 0.5931841], "ceilinglamp": [0.5272212, 0.2709794, 0.527222157], "walllamp": [0.16745472, 0.6569381, 0.13052997], "bathtub": [1.73600018, 0.824000061, 0.9700004], "towelrack": [0.496149749, 0.0247555971, 0.0864602849], "wallshelf": [0.272277743, 0.1819556, 1.00000143], "stall": [1.56272185, 2.50064278, 1.56474018], "toilet": [0.6545002, 0.460700065, 0.6783], "bathroomcabinet": [0.135947421, 0.757355332, 2.8516078], "bathroomcounter": [0.652, 0.39, 2.862], "sink": [0.6783934, 2.220446e-18, 0.3580394], "faucet": [0.100000143, 0.100000143, 0.100000143], "door": [0.9283972, 1.0, 0.9283972], "doorjamb": [0.928397357, 2.058256, 0.122323133], "towel": [0.3167056, 0.4129926, 0.0332073756], "perfume": [0.0532537177, 0.15284577, 0.0532542728], "deodorant": [0.04111485, 0.146407843, 0.0411159], "hairproduct": [0.0805116445, 0.181035951, 0.08051262], "facecream": [0.09001241, 0.03152771, 0.09001239], "plate": [0.278903, 0.0265591145, 0.278903], "toothpaste": [0.162069991, 0.0335562676, 0.161610529], "painkillers": [0.06954043, 0.126186043, 0.0677977], "waterglass": [0.08951233, 0.123450167, 0.08951233], "toothbrush": [0.01650901, 0.238004878, 0.0861479044], "barsoap": [0.07662157, 0.0433947556, 0.129800841], "candle": [0.08275755, 0.137161791, 0.08275796], "window": [0.113748126, 1.02450514, 2.11254787], "lightswitch": [0.005105672, 0.0936371461, 0.06867787], "washingmachine": [0.72480005, 0.998400033, 0.662400067], "bedroom": [8.0, 3.0, 8.0], "tablelamp": [0.316288, 0.5775013, 0.331279755], "garbagecan": [0.333000183, 0.419999957, 0.333000183], "nightstand": [0.747999847, 0.484000027, 0.748000145], "bookshelf": [2.11400032, 2.216, 0.3200003], "chair": [0.440519631, 1.3277, 0.7769598], "desk": [1.06800008, 0.950000048, 2.028], "bed": [2.40090942, 0.2851715, 1.9056288], "coffeetable": [1.28000009, 0.244000018, 1.28000009], "closet": [1.50000989, 2.3640058, 0.6078488], "hanger": [0.0712480545, 0.241116285, 0.468139648], "closetdrawer": [0.947750032, 0.200448319, 0.5653767], "clothesshirt": [0.07353176, 0.6939647, 0.569246], "clothespants": [0.06270695, 0.6873965, 0.279218674], "clothespile": [0.19836235, 0.08908415, 0.2739792], "mouse": [0.209241867, 0.0402507074, 0.1735219], "mousemat": [0.436930478, 0.00716543244, 0.432462156], "keyboard": [0.199472472, 0.0442227237, 0.6364792], "computer": [0.6713862, 0.662383258, 0.232813939], "cpuscreen": [0.288627982, 0.6776071, 0.9265996], "radio": [0.3050003, 0.18869257, 0.182546973], "wallpictureframe": [0.014486745, 0.436474651, 0.331817031], "orchid": [0.165631026, 0.132575318, 0.165631041], "pillow": [1.02721143, 0.3965084, 1.04295135], "cellphone": [0.121546745, 0.014436841, 0.1151371], "photoframe": [0.170833766, 0.212528557, 0.158726171], "book": [0.313508421, 0.0454359576, 0.249979958], "box": [0.43426764, 0.19462195, 0.32363078], "mug": [0.131798521, 0.0995673, 0.147683561], "cupcake": [0.09984732, 0.09922324, 0.09988429], "wineglass": [0.08954637, 0.190210134, 0.089546375], "slippers": [0.363163, 0.07181436, 0.404173851], "folder": [0.2811513, 0.07731199, 0.320291519], "kitchen": [5.5, 3.0, 8.0], "tvstand": [2.16000032, 0.492, 0.760000467], "kitchentable": [2.0, 0.950000048, 1.09200037], "bench": [1.57760036, 0.508300066, 0.350199819], "kitchencabinets": [3.00000334, 0.70001173, 0.3816767], "kitchencounter": [3.01400042, 1.05, 0.770000458], "kitchencounterdrawer": [0.982079446, 0.272947937, 0.711184561], "powersocket": [0.01606408, 0.154280722, 0.09082343], "wallphone": [0.0193605591, 0.269949377, 0.09333785], "tv": [1.10610247, 0.82331264, 0.23542361], "clock": [0.0435576439, 0.249847889, 0.249848366], "washingsponge": [0.218452, 0.0488643944, 0.214291573], "dishwashingliquid": [0.137701526, 0.29705584, 0.110639386], "fryingpan": [0.5364209, 0.06835502, 0.318930417], "cutleryknife": [0.0194394384, 0.00569083774, 0.257214069], "cutleryfork": [0.0257531833, 0.0193981566, 0.2614353], "dishbowl": [0.3566913, 0.08779088, 0.3566913], "condimentbottle": [0.0603268258, 0.203781426, 0.06032738], "condimentshaker": [0.0497071035, 0.103446111, 0.0573968068], "paper": [0.30970192, 0.004999995, 0.2560234], "stovefan": [0.9244469, 0.450402617, 0.6212866], "fridge": [0.8407732, 2.00840878, 0.6726186], "coffeemaker": [0.35552603, 0.3595001, 0.274965554], "coffeepot": [0.265479565, 0.1318934, 0.231959343], "toaster": [0.253967643, 0.20953165, 0.3462079], "breadslice": [0.05023767, 0.21266368, 0.216186151], "stove": [1.002, 1.08, 0.832000256], "oventray": [0.9338231, 0.02155888, 0.617407441], "microwave": [0.5393157, 0.304743767, 0.391771317], "bananas": [0.09601424, 0.09271974, 0.2659911], "whippedcream": [0.0859789252, 0.2251632, 0.0842653662], "pie": [0.2884866, 0.0404766, 0.2884866], "bellpepper": [0.201928526, 0.148302391, 0.21770218], "salmon": [0.244730189, 0.0480879024, 0.288539082], "chips": [0.230681971, 0.319221675, 0.2416831], "candybar": [0.127040192, 0.03216298, 0.210372061], "chocolatesyrup": [0.114626534, 0.202268228, 0.131068349], "crackers": [0.174846858, 0.05878673, 0.258267254], "creamybuns": [0.2058141, 0.127061963, 0.295580029], "cereal": [0.241956264, 0.294145018, 0.208714068], "livingroom": [8.0, 3.0, 8.0], "sofa": [3.88881874, 0.885772169, 3.28799033], "cabinet": [0.38, 1.05, 1.18], "apple": [0.101994418, 0.121887282, 0.113265559], "lime": [0.070012, 0.08616312, 0.0897563845], "peach": [0.07446259, 0.0829791054, 0.09061618], "plum": [0.0785659254, 0.06574333, 0.057216], "remotecontrol": [0.209812239, 0.0333375, 0.112113252]}