{"kitchen": [8.0, 3.0, 10.5], "wall": [2.50000048, 2.50002766, 2.500045], "floor": [2.49999976, 9.049975e-06, 2.5], "ceiling": [2.5, 9.059906e-06, 2.5], "doorjamb": [0.122323029, 2.058256, 0.9283974], "door": [0.928397655, 1.0, 0.928397655], "window": [0.113748632, 1.02450514, 2.11254787], "ceilinglamp": [0.527222157, 0.2709794, 0.5272212], "walllamp": [0.171363056, 0.8624453, 0.219838813], "wallphone": [0.0933378562, 0.269949377, 0.0193605721], "powersocket": [0.01606408, 0.154280722, 0.09082343], "lightswitch": [0.00510602724, 0.09363716, 0.06867787], "cutleryknife": [0.25721404, 0.00569082052, 0.0194394216], "knifeblock": [0.0131904939, 0.0448102057, 0.5565959], "fryingpan": [0.5962987, 0.06835502, 0.61181134], "cookingpot": [0.414359033, 0.09484844, 0.441971183], "waterglass": [0.08951236, 0.123450167, 0.08951236], "cutleryfork": [0.26143527, 0.0193981566, 0.0257531479], "plate": [0.352910519, 0.02335932, 0.352910638], "condimentshaker": [0.0497071035, 0.103446111, 0.0573968068], "condimentbottle": [0.0603268258, 0.203781426, 0.06032738], "book": [0.08891897, 0.23688969, 0.1875108], "photoframe": [0.175086558, 0.212528616, 0.14078328], "clothespile": [0.317488045, 0.1296165, 0.392810881], "box": [0.405635834, 0.194623411, 0.2799485], "dishbowl": [0.273860782, 0.08116754, 0.273860782], "cellphone": [0.176643372, 0.0240000486, 0.14095664], "folder": [0.281497955, 0.319756985, 0.0763098], "rug": [2.95486164, 0.024545474, 3.84983253], "candle": [0.115519673, 0.137161791, 0.115519769], "orchid": [0.242352009, 0.193984777, 0.242352009], "wallpictureframe": [0.041721344, 1.2570436, 0.9556304], "curtains": [0.107337475, 1.15232587, 0.593184], "bench": [0.350200027, 0.508300066, 1.57760012], "kitchentable": [1.092, 0.950000048, 2.0], "kitchencounter": [0.77, 1.05, 3.014], "kitchencabinets": [0.3816763, 0.70001173, 3.00000286], "kitchencounterdrawer": [0.7111844, 0.272947937, 0.982079268], "sink": [0.377199978, 2.220446e-18, 0.5540912], "faucet": [0.100000381, 0.0999999642, 0.0999999046], "tvstand": [0.759996355, 0.492, 2.16000128], "bookshelf": [2.11399984, 2.216, 0.320000172], "chair": [0.695325851, 1.3277, 0.5605764], "stovefan": [0.6212864, 0.450402617, 0.9244467], "fridge": [0.712, 2.12600017, 0.890000045], "stove": [0.832, 1.08, 1.002], "oventray": [0.617406845, 0.02155888, 0.933822632], "dishwasher": [0.79, 1.0200001, 0.968000054], "toaster": [0.31589812, 0.20953165, 0.202184051], "breadslice": [0.217281789, 0.21266368, 0.0127000213], "coffeemaker": [0.201138169, 0.3595001, 0.314507931], "coffeepot": [0.179828644, 0.1318934, 0.227000237], "microwave": [0.430878282, 0.3316934, 0.656115949], "juice": [0.0794259757, 0.2537988, 0.07840236], "cutlets": [0.185793728, 0.06162097, 0.310194135], "milk": [0.123024, 0.240758, 0.123025], "bananas": [0.260600269, 0.139104441, 0.165517688], "salmon": [0.2388873, 0.0480879024, 0.287590384], "mincedmeat": [0.148635, 0.0460341, 0.248155192], "livingroom": [8.0, 3.0, 5.5], "wallshelf": [1.00000036, 0.1819556, 0.27227357], "sofa": [1.03869975, 0.9707001, 2.36469984], "coffeetable": [0.7138689, 0.395236641, 1.50079966], "pillow": [0.7737437, 0.202543676, 0.8741705], "cupcake": [0.09984732, 0.09922324, 0.09988429], "slippers": [0.368448257, 0.07181433, 0.321501255], "tv": [0.271927655, 0.9509725, 1.27761066], "bedroom": [8.0, 3.0, 8.0], "tablelamp": [0.316288, 0.577501357, 0.33128], "facecream": [0.0900124, 0.03152771, 0.09001239], "deodorant": [0.0411148667, 0.146407843, 0.0411159135], "perfume": [0.0532537363, 0.15284577, 0.0532542877], "painkillers": [0.0695404559, 0.126186043, 0.06779772], "poundcake": [0.270831317, 0.1003212, 0.270831317], "desk": [1.068, 0.950000048, 2.02799988], "nightstand": [0.747999966, 0.484000027, 0.748], "bed": [2.400909, 0.2851715, 1.90562844], "bathroom": [8.0, 3.0, 5.5], "bathtub": [1.955184, 1.14278412, 0.8409319], "towelrack": [0.496149778, 0.0247555971, 0.08646045], "toilet": [0.654499948, 0.460700065, 0.678300261], "stall": [1.56272233, 2.50064278, 1.56474066], "bathroomcabinet": [0.135948345, 0.757355332, 2.8516078], "bathroomcounter": [0.652000964, 0.39, 2.86199975], "towel": [0.3167056, 0.4129926, 0.03320748], "hairproduct": [0.08051162, 0.181035951, 0.0805126056], "toothpaste": [0.162069947, 0.0335562676, 0.161610574], "toothbrush": [0.0165090375, 0.238004878, 0.08614791], "barsoap": [0.0766216144, 0.0433947556, 0.129800856], "washingmachine": [0.7248003, 0.998400033, 0.6623998], "garbagecan": [0.327612519, 0.4144774, 0.32761243], "mug": [0.134328187, 0.0995673, 0.148729026], "toy": [0.266212463, 0.14548707, 0.253664672], "remotecontrol": [0.0659999847, 0.0299999714, 0.22299999], "closet": [2.000134, 2.00001431, 0.508943], "cabinet": [1.17999983, 1.05, 0.38], "computer": [0.7459847, 0.7359814, 0.258682162], "mouse": [0.208997414, 0.0402507074, 0.172031462], "mousemat": [0.4324622, 0.00716543244, 0.4369305], "keyboard": [0.221636087, 0.04913636, 0.7071991], "cpuscreen": [0.288627982, 0.6776071, 0.9265996], "radio": [0.5783105, 0.274262667, 0.354999542]}