# {"t_start": 1581391811.6655607, "env_id": "virtualhome-v0"} 
r,l,t
0.804898,31,10.159312
-1.087949,31,15.158321
-7.72646,31,19.402194
4.523661,31,23.989148
-0.938564,31,28.516115
18.148071,3,29.081329
-6.308725,31,33.634303
0.745051,31,38.288236
1.431112,31,42.505458
4.391727,31,47.112575
