{"S": {"randomgoal": [[0.8762886597938144, 0.73, 0.55, 0.58, 0.63, 0.6720321931589537], [0.3292519468592023, 0.4439594576084623, 0.49749371855331, 0.49355850717012273, 0.4828043081829324, 0.46947302852977657]], "predgoal": [[0.8787878787878788, 1.0, 0.9897959183673469, 0.8247422680412371, 0.8958333333333334, 0.918200408997955], [0.32637362467481845, 0.0, 0.10049854899791943, 0.3801874003007376, 0.3054766312211496, 0.2740591503926536]], "recursive": [[0.8775510204081632, 1.0, 1.0, 0.85, 0.9896907216494846, 0.9434343434343434], [0.32780364090222475, 0.0, 0.0, 0.3570714214271425, 0.10100988630033722, 0.23101078559875243]], "test": [[0.81, 0.91, 0.96, 0.82, 0.91, 0.882], [0.3923009049186606, 0.2861817604250837, 0.19595917942265428, 0.38418745424597095, 0.2861817604250837, 0.32260812141048156]]}, "SWS": {"randomgoal": [[0.5357227016412673, 0.3244307754585784, 0.09917847269782225, 0.17185058652057092, 0.14782122705328093, 0.25411108296222973], [0.5899852042648667, 0.6429389533385615, 0.23229535986903416, 0.3865522183342471, 0.2615146259682532, 0.48034265526203773]], "predgoal": [[0.69471688558431, 0.8992384390160565, 0.6369837330776004, 0.5643291494100018, 0.26037352327809743, 0.6134187499069707], [0.6356188473870122, 0.8596005244100489, 0.5502456020097267, 0.622243832385686, 0.36903565877949407, 0.6622261823382682]], "recursive": [[0.8354601325250911, 1.0370160425759862, 0.7290525194192157, 0.6653717701752961, 0.4409939827738793, 0.7430212980476263], [0.6876629735904113, 0.7827931162707529, 0.5890579713451255, 0.6765867858571141, 0.44840846528713413, 0.6765181580178168]], "test": [[0.16990102804360366, 0.1857165585937272, 0.09563771276712281, 0.20504029021956993, 0.096746672718925, 0.15060845246858973], [0.3294040751846829, 0.40221386533833015, 0.1906124795624105, 0.3358217184544038, 0.1484386998412219, 0.30063829126374325]]}, "L": {"randomgoal": [[103.35051546391753, 147.19, 170.84, 159.24, 172.03, 150.8148893360161], [60.47339727586679, 73.64057237691733, 78.19165172830152, 79.85087601272762, 69.95176266542538, 77.00909259099184]], "predgoal": [[93.29292929292929, 72.95959595959596, 75.90816326530613, 103.3917525773196, 150.07291666666666, 98.84253578732107], [61.6854602853149, 26.520020716934788, 29.9568011202982, 72.02928337793443, 58.99209777441712, 59.76273598133447]], "recursive": [[90.45918367346938, 67.99, 71.38, 98.1, 120.18556701030928, 89.43434343434343], [64.33667319422848, 26.799438426952157, 24.66243297000521, 69.39848701520805, 52.89735828317226, 54.48086711070758]], "test": [[130.76, 124.34, 115.17, 129.67, 149.81, 129.95], [63.6919335551999, 52.14330637771256, 42.404493865627025, 65.84755955994117, 53.205957373211504, 57.246095936753626]]}, "classes": ["setup_table", "put_fridge", "prepare_food", "put_dishwasher", "read_book"]}