{"S": {"randomgoal": [[0.8757894736842105, 0.7300000000000001, 0.55, 0.58, 0.63, 0.6721616161616162], [0.06305693685328012, 0.0678232998312527, 0.08366600265340754, 0.09273618495495702, 0.06782329983125268, 0.03736547001106831]], "predgoal": [[0.8789473684210526, 1.0, 0.99, 0.8252631578947369, 0.8952631578947369, 0.9183660642211142], [0.023713432265408042, 0.0, 0.020000000000000018, 0.020627282044489877, 0.0476715447335758, 0.013514647198134208]], "recursive": [[0.8773684210526316, 1.0, 1.0, 0.85, 0.99, 0.9434702123273553], [0.025762606843200902, 0.0, 0.0, 0.031622776601683784, 0.020000000000000018, 0.010059047761259514]], "MCTS": [[0.99, 0.9400000000000001, 0.97, 1.0, 0.9299999999999999, 0.966], [0.020000000000000018, 0.07348469228349531, 0.039999999999999994, 0.0, 0.05099019513592784, 0.0272763633939717]], "test": [[0.8099999999999999, 0.9100000000000001, 0.96, 0.82, 0.9099999999999999, 0.882], [0.037416573867739396, 0.019999999999999976, 0.03741657386773941, 0.03999999999999998, 0.037416573867739396, 0.017204650534085267]]}, "SWS": {"randomgoal": [[0.5359404689375762, 0.33152329408320647, 0.1098052564735424, 0.18578107394949384, 0.15559999614459344, 0.26220464040603736], [0.12733021781536827, 0.11189814625994084, 0.05672801347044247, 0.0837444305136467, 0.07479770445309007, 0.046849049423312986]], "predgoal": [[0.6610625567512669, 0.9142141569917632, 0.6734631232455778, 0.563838323693129, 0.2834039208255336, 0.6214865951453004], [0.09883625728521718, 0.19973731826529273, 0.22666347336664064, 0.16112387891727528, 0.049559799588989255, 0.06636513625746139]], "recursive": [[0.8386287675706928, 1.012135506181784, 0.7513293698462025, 0.6626822464102541, 0.452864856700237, 0.7449437403073161], [0.075231321557537, 0.2565821474478042, 0.13578545640461023, 0.1341243694034921, 0.11281825471598551, 0.09212829552898386]], "MCTS": [[0.3979884442640952, 0.5026722086104181, 0.567477865892873, 0.47637865700275056, 0.21738823397236642, 0.4323810819485006], [0.1049554532753871, 0.17842324891575567, 0.11914522122872633, 0.20785233328581026, 0.06126885641859103, 0.06725611318292828]], "test": [[0.0, 0.0, 0.0, 0.0, 0.0, 0.0], [0.0, 0.0, 0.0, 0.0, 0.0, 0.0]]}, "L": {"randomgoal": [[103.47263157894739, 147.19, 170.83999999999997, 159.24, 172.03000000000003, 150.791797979798], [11.900605166297202, 13.437462558087375, 13.591960859272659, 16.492919693007654, 8.810709392551777, 6.157968149895635]], "predgoal": [[93.29105263157895, 72.90105263157895, 75.86105263157894, 103.28526315789472, 150.10684210526315, 98.81447362571198], [7.204443381145622, 4.579169565086789, 7.399799802637473, 4.352725640172485, 8.08827399247116, 1.7947386904391907]], "recursive": [[90.50105263157894, 67.99, 71.38, 98.1, 120.1042105263158, 89.42537703566275], [6.539046708500839, 3.1214419744726936, 2.201499488984725, 6.541177264071047, 13.427557206013896, 4.6547698279521095]], "MCTS": [[126.41000000000001, 102.17999999999999, 92.8, 121.88000000000002, 145.95, 117.84400000000001], [9.2874862045658, 10.031181386058178, 10.859604044347106, 23.347475238235077, 6.908473058498522, 3.4354597945544327]], "test": [[130.76, 124.34, 115.17, 129.67, 149.81, 129.95], [8.221520540629935, 8.421840653918837, 6.94756072301639, 6.4122227035560755, 6.941714485629615, 3.739507989027438]]}, "classes": ["setup_table", "put_fridge", "prepare_food", "put_dishwasher", "read_book"]}