{"S": {"random": [[0.8105263157894737, 0.9700000000000001, 0.97, 0.8888888888888887, 0.96, 0.9216494845360825], [0.07139294719079228, 0.024494897427831806, 0.039999999999999994, 0.0496903994999953, 0.03741657386773941, 0.008247422680412387]], "randomgoal": [[0.8801169590643274, 0.7300000000000001, 0.55, 0.6444444444444444, 0.63, 0.6847938144329897], [0.053820235624998984, 0.0678232998312527, 0.08366600265340754, 0.10304020550550781, 0.06782329983125268, 0.039599499461196]], "predgoal_correct": [[0.8736842105263157, 0.9600000000000002, 0.95, 0.8666666666666666, 0.9, 0.911340206185567], [0.05367388961676614, 0.03741657386773941, 0.031622776601683784, 0.04444444444444442, 0.0632455532033676, 0.010513442296067595]], "check_neurips_test_recursive": [[0.9245614035087719, 1.0, 1.0, 0.9444444444444444, 0.99, 0.9729573611864714], [0.026824198692818036, 0.0, 0.0, 0.03513641844631534, 0.020000000000000018, 0.010482929842903456]], "check_neurips_RL_MCTS": [[0.7684210526315789, 0.9, 0.9099999999999999, 0.8333333333333333, 0.8400000000000001, 0.8515463917525773], [0.05367388961676614, 0.08366600265340755, 0.048989794855663564, 0.09938079899999065, 0.05830951894845301, 0.017974841004291454]], "check_neurips_RL_MCTS_pred": [[0.894736842105263, 0.95, 0.9100000000000001, 0.8666666666666666, 0.85, 0.8948453608247423], [0.0665742665298606, 0.05477225575051661, 0.08602325267042626, 0.056655772373253144, 0.04472135954999579, 0.0271977442438617]], "check_neurips_RL_RL": [[0.8210526315789473, 0.5399999999999999, 0.8200000000000001, 0.6222222222222222, 0.6900000000000001, 0.6989690721649485], [0.06315789473684212, 0.15297058540778355, 0.0812403840463596, 0.15071844406945042, 0.10198039027185571, 0.06301322387602523]], "check_neurips_RL_RL_pred": [[0.8, 0.55, 0.7, 0.6777777777777778, 0.6700000000000002, 0.6783505154639174], [0.03938586722919937, 0.08366600265340754, 0.09999999999999998, 0.08888888888888888, 0.11224972160321822, 0.02871832634470953]], "check_neurips_test_recursive_keep_open": [[0.8947368421052632, 0.95, 0.95, 0.888888888888889, 0.95, 0.9278350515463918], [0.0, 0.0, 0.0, 1.1102230246251565e-16, 0.0, 0.0]], "check_neurips_test": [[0.8210526315789475, 0.9100000000000001, 0.96, 0.9, 0.9099999999999999, 0.9010309278350516], [0.04210526315789473, 0.019999999999999976, 0.03741657386773941, 0.04157397096415488, 0.037416573867739396, 0.013984185532217044]]}, "SWS": {"random": [[0.17791263153765735, 0.3880991250704445, 0.16205382797214796, 0.17848274855465257, 0.14851968425987078, 0.2120255898891598], [0.08431445030527165, 0.04763773074776855, 0.04368152616139663, 0.03251246212322619, 0.044790290996620734, 0.028180580464301688]], "randomgoal": [[0.49928314167256793, 0.3244307754585784, 0.09917847269782225, 0.19094509613396765, 0.14782122705328096, 0.2497491414642436], [0.11289223983755571, 0.13068573328534416, 0.019353096040789414, 0.1172196929590315, 0.03588307796174668, 0.024032706202145298]], "predgoal_correct": [[0.6943036890893326, 0.883184101291419, 0.5931302613714242, 0.6161085149455046, 0.27946158363042556, 0.6123427039956885], [0.10131902530369541, 0.15144808420714317, 0.10968695239223386, 0.1288857364933884, 0.06845838586951199, 0.04933456321077258]], "check_neurips_test_recursive": [[0.8792051023864544, 1.0370160425759862, 0.7290525194192157, 0.7393019668614402, 0.4418765034607922, 0.7662829991080182], [0.1577770139156368, 0.14209275579203937, 0.07127884275758, 0.11949703745798328, 0.09608794173777752, 0.053060065274904394]], "check_neurips_RL_MCTS": [[0.35323259243936145, 0.5104656336924952, 0.5387199186780983, 0.3926008640074169, 0.22597263386925093, 0.4049628714770955], [0.13352630268516846, 0.06651548559327838, 0.0979287562883723, 0.1513499128682276, 0.02235216679556323, 0.012548954349692767]], "check_neurips_RL_MCTS_pred": [[0.5857058828897914, 0.7055010139090366, 0.5850798419678656, 0.5005865417652898, 0.3136273286511553, 0.538382816672602], [0.17936862135834847, 0.1834703263743085, 0.188765640997043, 0.06491235467025355, 0.08135779032172787, 0.09639001691241263]], "check_neurips_RL_RL": [[0.2476747069828676, 0.17757059856852114, 0.1989744928122789, 0.2033170298517611, 0.16429724935783468, 0.1977564204616379], [0.07424683177789955, 0.0925522783283744, 0.08705248491481586, 0.06633992762739244, 0.012991374747975362, 0.05369440432005954]], "check_neurips_RL_RL_pred": [[0.3284283872529744, 0.2355864785642871, 0.25838970188591986, 0.19687645873870996, 0.12110152684376152, 0.22768525526786249], [0.11064721899447105, 0.09190513583787718, 0.1447748102594627, 0.09602601331568429, 0.023501775697966198, 0.03284873471851165]], "check_neurips_test_recursive_keep_open": [[1.2370962103671035, 0.8456533777284749, 0.682498789212957, 0.63633349762859, 0.31356638191235187, 0.7401361023852089], [0.0, 0.0, 0.0, 0.0, 0.0, 0.0]], "check_neurips_test": [[0.14858491730465634, 0.1857165585937272, 0.09563771276712282, 0.2165094133752797, 0.09674667271892501, 0.14724022423854646], [0.078463123357478, 0.0743851844468797, 0.04262371883593369, 0.07743379368572252, 0.030650499700773697, 0.027949867048194684]]}, "L": {"random": [[128.32631578947365, 109.42999999999999, 111.97, 122.15555555555554, 143.71999999999997, 123.08659793814434], [9.527065978022007, 7.065734215210756, 5.323776854827784, 4.188962569349053, 4.028225415738298, 2.947246526758285]], "randomgoal": [[103.62280701754386, 147.19, 170.83999999999997, 149.15555555555557, 172.03000000000003, 149.2596434707904], [9.725560083044122, 13.437462558087375, 13.591960859272659, 18.325466325564072, 8.810709392551777, 6.577029637132527]], "predgoal_correct": [[94.13684210526317, 79.02000000000001, 82.9, 95.64444444444445, 144.56, 99.37938144329897], [7.604459983085519, 5.037122194269263, 5.356024645200953, 10.505413066781513, 12.08649659744295, 3.3101383087930554]], "check_neurips_test_recursive": [[81.92222222222223, 67.99, 71.38, 81.22222222222221, 120.1042105263158, 84.40670012660516], [6.828933590474132, 3.1214419744726936, 2.201499488984725, 7.267974737856719, 13.427557206013896, 4.81044493181465]], "check_neurips_RL_MCTS": [[124.69473684210527, 102.17999999999999, 92.8, 117.13333333333333, 145.95, 116.45567010309279], [11.921413959901072, 10.031181386058178, 10.859604044347106, 18.689556072117913, 6.908473058498522, 3.0857266570484447]], "check_neurips_RL_MCTS_pred": [[103.91578947368421, 92.68, 94.26999999999998, 107.34444444444446, 140.75, 107.84123711340206], [18.347298970185914, 12.57324938112658, 18.327427533617474, 12.15127895519289, 10.795878843336471, 9.849721277603043]], "check_neurips_RL_RL": [[126.54736842105262, 169.45999999999998, 129.35, 152.77777777777777, 165.04000000000002, 148.77731958762885], [12.77135819040797, 23.19865082283881, 12.164497523531338, 25.40977745127762, 7.974233505485027, 12.234276675520952]], "check_neurips_RL_RL_pred": [[129.4842105263158, 168.83, 139.90000000000003, 151.1, 170.90000000000003, 152.29484536082472], [9.62553160743664, 11.990312756554765, 14.324349897988386, 16.99169731891954, 8.044314762613404, 4.196155415118539]], "check_neurips_test_recursive_keep_open": [[80.57894736842105, 80.2, 77.25, 89.33333333333333, 130.7, 91.77319587628865], [0.0, 0.0, 0.0, 0.0, 0.0, 0.0]], "check_neurips_test": [[130.0, 124.34, 115.17, 117.85555555555557, 149.81, 127.60618556701031], [6.877076619137289, 8.421840653918837, 6.94756072301639, 8.13926620285807, 6.941714485629615, 2.880349643990036]]}, "classes": ["setup_table", "put_fridge", "prepare_food", "put_dishwasher", "read_book"]}