{"bathroom": [5.5, 3.0, 8.0], "floor": [2.50000048, 9.049975e-06, 2.5], "wall": [0.06000357, 2.50000954, 2.500009], "ceiling": [2.500001, 9.059906e-06, 2.5], "rug": [3.39118624, 0.0279909279, 4.39023972], "curtains": [0.5931845, 1.15232611, 0.107336044], "ceilinglamp": [0.5272223, 0.2709794, 0.5272213], "walllamp": [0.130530015, 0.6569381, 0.167454764], "bathroomcounter": [2.5758, 0.39, 0.6520008], "sink": [0.3771811, 2.220446e-18, 0.6925662], "faucet": [0.100000083, 0.0999999046, 0.103000164], "bathtub": [0.970000744, 0.824000061, 1.7360003], "towelrack": [0.08646036, 0.0247555971, 0.496149838], "wallshelf": [0.2722734, 0.1819556, 1.00000048], "stall": [1.56474042, 2.50001717, 1.56272209], "bathroomcabinet": [2.28128672, 0.757355332, 0.1359477], "toilet": [1.00091255, 0.511615157, 0.5493079], "shelf": [0.62500006, 2.5, 0.625], "door": [0.928398132, 1.0, 0.928398132], "doorjamb": [0.122323036, 2.058256, 0.928398132], "towel": [0.0332074165, 0.8259852, 0.316705674], "deodorant": [0.041114863, 0.1464077, 0.04111538], "facecream": [0.0900123939, 0.03152771, 0.0900124162], "plate": [0.2644206, 0.0206677243, 0.2644206], "toothpaste": [0.161610559, 0.0335562676, 0.162069991], "waterglass": [0.08951235, 0.185175255, 0.08951235], "toothbrush": [0.08759824, 0.23913765, 0.0489961579], "toiletpaper": [0.397122383, 0.274926424, 0.2991295], "towelrolled": [0.283627272, 0.08814656, 0.398851544], "lotionbottle": [0.0600750446, 0.178254962, 0.06007576], "teddybear": [0.3510313, 0.417705774, 0.343185425], "painkillers": [0.06954045, 0.1261858, 0.06779726], "book": [0.221235275, 0.254670829, 0.213816881], "perfume": [0.05325373, 0.152845576, 0.05325373], "mug": [0.147683591, 0.0995673, 0.13179855], "window": [2.74631238, 1.02450514, 0.113748468], "lightswitch": [0.06867788, 0.0936371461, 0.005105681], "washingmachine": [0.662400067, 0.998400033, 0.724800169], "bedroom": [8.0, 3.0, 8.0], "tablelamp": [0.316288, 0.5775013, 0.331279755], "chair": [0.197586864, 1.04890013, 0.883170962], "bookshelf": [2.53680038, 1.77280009, 0.320000172], "nightstand": [0.747999847, 0.484000027, 0.748000145], "bed": [2.40090942, 0.2851715, 1.9056288], "closet": [0.607845962, 2.3640058, 1.50000906], "coatrack": [0.399999946, 2.0, 0.359999955], "coffeetable": [1.53600025, 0.244000018, 0.7680004], "printer": [0.7018195, 0.309958518, 0.538493335], "wallpictureframe": [0.01448679, 0.8799305, 0.6689415], "pillow": [0.7976285, 0.837474, 0.8716136], "vase": [0.395437241, 0.76860714, 0.395437241], "slippers": [0.363163, 0.07181436, 0.404173851], "chinesefood": [0.171492577, 0.1617369, 0.180726051], "hanger": [0.4681406, 0.241116285, 0.0712471], "clothesshirt": [0.5692462, 0.6939647, 0.07353067], "clothespants": [0.297052145, 0.6125164, 0.05335045], "closetdrawer": [0.565375, 0.200448319, 0.947749138], "clothespile": [0.436462641, 0.162513435, 0.313495636], "toy": [0.101131439, 0.08838701, 0.300000072], "kitchen": [8.0, 3.0, 5.5], "maindoor": [0.877275467, 2.02771235, 0.3607769], "tvstand": [1.72800016, 0.492, 0.7600004], "kitchentable": [1.09200048, 0.950000048, 1.4], "bench": [0.350200027, 0.508300066, 0.9465604], "kitchencounter": [0.7700013, 1.05, 3.10442066], "kitchencounterdrawer": [0.7111848, 0.272947937, 1.011542], "orchid": [0.165631056, 0.09699243, 0.165631056], "powersocket": [0.0908234343, 0.154280722, 0.0160640925], "tv": [1.10196364, 0.82331264, 0.680825353], "radio": [0.400000572, 0.440000057, 1.10000038], "clock": [0.3997568, 0.399756432, 0.0696921349], "wallphone": [0.09333801, 0.269949436, 0.0193605423], "washingsponge": [0.214291587, 0.0488643944, 0.218452036], "dishwashingliquid": [0.110639408, 0.29705584, 0.137701541], "fryingpan": [0.3189305, 0.06835502, 0.536421], "cutleryknife": [0.2572141, 0.00569083774, 0.0194394719], "cutleryfork": [0.26143533, 0.0193981566, 0.0257531535], "condimentshaker": [0.05739682, 0.124135338, 0.04970712], "photoframe": [0.157201439, 0.212527975, 0.0771774948], "cellphone": [0.135828018, 0.019200027, 0.126214981], "coffeepot": [0.230102777, 0.1318934, 0.2642343], "cuttingboard": [0.547849059, 0.0127, 0.522007942], "bucket": [0.298282653, 0.273585826, 0.272985846], "folder": [0.09871483, 0.319757044, 0.286525726], "stove": [1.002, 0.972, 0.832000256], "oventray": [0.933823, 0.01940298, 0.61740756], "toaster": [0.372127175, 0.20953165, 0.357525349], "breadslice": [0.175084978, 0.21266368, 0.148814961], "fridge": [0.6726188, 1.8283602, 0.9790003], "stovefan": [0.8267718, 0.09645691, 0.688976467], "coffeemaker": [0.272265226, 0.3595001, 0.354295], "microwave": [0.361986756, 0.3868195, 0.6377043], "whippedcream": [0.08426536, 0.187636, 0.0859789252], "chips": [0.239210218, 0.319221646, 0.199160159], "carrot": [0.2858828, 0.08491659, 0.10407114], "salad": [0.315000057, 0.0500000119, 0.310000062], "milk": [0.102458239, 0.241935015, 0.102423668], "livingroom": [8.0, 3.0, 8.0], "sofa": [3.8888185, 0.885772169, 2.465993], "desk": [2.23080015, 0.950000048, 0.8544004], "cabinet": [0.3800001, 1.05, 1.18000019], "standingmirror": [0.6386347, 1.789372, 0.04045868], "globe": [0.253019571, 0.43073082, 0.278043747], "mouse": [0.173521936, 0.0402507074, 0.209241912], "mousemat": [0.432462275, 0.00716543244, 0.4369306], "cpuscreen": [0.83393997, 0.6098464, 0.200965285], "computer": [0.2328141, 0.662383258, 0.6713865], "keyboard": [0.707199156, 0.04913636, 0.2216362], "paper": [0.270000458, 0.004999995, 0.195999146], "magazine": [0.249638081, 0.00999999, 0.3163681], "glasses": [0.118227482, 0.0422955751, 0.1193409], "box": [0.7574672, 0.688, 1.18026125], "remotecontrol": [0.0659999847, 0.0299999714, 0.223000526], "notes": [0.220000267, 0.00999999, 0.149999619]}