{"bathroom": [5.5, 3.0, 5.5], "wall": [2.500045, 2.50002766, 2.50000048], "ceiling": [2.500001, 9.059906e-06, 2.50000024], "floor": [2.5, 9.049975e-06, 2.50000024], "toilet": [0.654499948, 0.460700065, 0.6783], "bathroomcabinet": [0.1359481, 0.757355332, 2.8516078], "bathroomcounter": [0.652000368, 0.39, 2.862], "sink": [0.672391832, 2.220446e-18, 0.3771796], "faucet": [0.100000381, 0.0999999046, 0.0999999046], "stall": [1.56272185, 2.50064278, 1.56474018], "curtains": [0.5931854, 1.15232587, 0.107337952], "towelrack": [0.9922993, 0.0247555971, 0.08646033], "toothbrush": [0.02593753, 0.2375056, 0.101253346], "waterglass": [0.08951233, 0.123450167, 0.08951233], "barsoap": [0.1504346, 0.0433942862, 0.136254564], "deodorant": [0.04111537, 0.1464077, 0.04111485], "facecream": [0.0889671445, 0.03152771, 0.0889671743], "hairproduct": [0.110893153, 0.362071365, 0.110893793], "toothpaste": [0.18595235, 0.0335556157, 0.108884767], "toiletpaper": [0.1566548, 0.178975016, 0.2160594], "towelrolled": [0.298989832, 0.08814656, 0.39500013], "towel": [0.316705555, 0.4129926, 0.0332074], "photoframe": [0.136339039, 0.212528616, 0.175088838], "rug": [2.54964638, 0.0139463525, 2.54964638], "wallpictureframe": [0.955631256, 1.25704336, 0.041721344], "ceilinglamp": [0.3222752, 0.302543163, 0.279098541], "walllamp": [0.478171468, 0.121886775, 0.09500997], "doorjamb": [0.122323036, 2.058256, 0.9283972], "door": [0.9283972, 1.0, 0.9283972], "lightswitch": [0.00510570453, 0.0936371461, 0.06867787], "washingmachine": [0.7247998, 0.998400033, 0.662400246], "kitchen": [8.0, 3.0, 8.0], "wallphone": [0.0193605591, 0.269949377, 0.09333785], "powersocket": [0.0160641018, 0.154280722, 0.0908234343], "ceilingfan": [0.115446553, 0.0430572964, 0.116814621], "cutleryknife": [0.0438155681, 0.316965282, 0.0187248085], "knifeblock": [0.556595862, 0.0448102057, 0.0131905591], "fryingpan": [0.6118113, 0.06835502, 0.596298635], "cookingpot": [0.441971123, 0.09484844, 0.414359033], "book": [0.2371167, 0.0336887836, 0.311353683], "dishbowl": [0.3566913, 0.08779088, 0.3566913], "plate": [0.290419757, 0.0192230251, 0.290419757], "dishwashingliquid": [0.13639617, 0.29705584, 0.104696214], "condimentshaker": [0.05739681, 0.103446111, 0.0497071072], "clothespile": [0.195870876, 0.0973570347, 0.267202854], "garbagecan": [0.3204279, 0.486, 0.4659107], "paper": [0.1960001, 0.00500011444, 0.269999981], "washingsponge": [0.191892773, 0.0488643944, 0.114323393], "folder": [0.2811513, 0.319756985, 0.07499981], "crayons": [0.0999999046, 0.0230000019, 0.109999657], "notes": [0.21999979, 0.00999999, 0.149999619], "pillow": [0.4678892, 0.136602774, 0.5455818], "candle": [0.117036, 0.137161791, 0.117036], "vase": [0.108091354, 0.768607, 0.108091354], "bench": [0.350200027, 0.508300066, 1.57760024], "kitchentable": [1.63800013, 0.950000048, 2.2], "tvstand": [0.375919253, 0.525948942, 2.27519751], "kitchencabinets": [0.381676823, 0.70001173, 2.24698758], "kitchencounter": [0.3160001, 1.07, 0.7699999], "kitchencounterdrawer": [0.982079268, 0.272947937, 0.711184442], "bookshelf": [0.4800006, 2.216, 1.52208], "chair": [0.234670177, 1.3277, 1.00095177], "stovefan": [0.333598465, 0.7120094, 0.255937368], "stove": [1.002, 1.08, 0.8319998], "oventray": [0.933822632, 0.02155888, 0.6174073], "dishwasher": [0.9680001, 1.0200001, 0.789999843], "coffeemaker": [0.369589984, 0.3595001, 0.357602239], "coffeepot": [0.289360046, 0.1318934, 0.284372449], "toaster": [0.371319771, 0.20953165, 0.3150587], "breadslice": [0.202954441, 0.21266368, 0.101735711], "fridge": [0.711999834, 2.12600017, 0.8899998], "microwave": [0.53931576, 0.304743677, 0.3917713], "chicken": [0.2481552, 0.100878, 0.148635], "cutlets": [0.3578987, 0.06162097, 0.33982116], "poundcake": [0.270831317, 0.1003212, 0.270831317], "apple": [0.101994418, 0.121887282, 0.113265559], "creamybuns": [0.137471721, 0.288347453, 0.101389147], "chips": [0.182101369, 0.237880111, 0.159095854], "chocolatesyrup": [0.12382403, 0.202268228, 0.129567534], "bottlewater": [0.07600021, 0.285000026, 0.07600021], "milk": [0.123023987, 0.240758, 0.123024985], "cereal": [0.237073123, 0.294145018, 0.08550128], "alcohol": [0.0852160454, 0.248000026, 0.08451927], "livingroom": [8.0, 3.0, 8.0], "tablelamp": [0.352488279, 0.5775016, 0.3406124], "closet": [0.508942842, 2.00000715, 2.00012684], "hanger": [0.366611481, 0.191701889, 0.095500946], "clothesshirt": [0.455966949, 0.638885736, 0.135974884], "clothespants": [0.236698151, 0.4869871, 0.08578682], "nightstand": [0.122400343, 0.484000027, 1.05072665], "desk": [2.241304, 0.9530401, 0.710711], "coffeetable": [1.40748966, 0.411176175, 0.9834091], "sofa": [1.0608, 0.826200068, 2.16410065], "bananas": [0.09601424, 0.09271974, 0.2659911], "lime": [0.070012, 0.08616312, 0.0897563845], "peach": [0.07446259, 0.0829791054, 0.09061618], "plum": [0.0785659254, 0.06574333, 0.057216], "mug": [0.0899078548, 0.0995673, 0.121515974], "box": [1.156, 0.688, 0.794], "cellphone": [0.234999955, 0.008500099, 0.114999771], "crackers": [0.310014546, 0.0710961, 0.223797232], "balanceball": [1.33201838, 0.396325439, 1.33201885], "window": [2.11254764, 1.02450514, 0.113748372], "computer": [0.6737521, 0.6352923, 0.304861158], "cpuscreen": [0.288628131, 0.6776071, 0.9265995], "keyboard": [0.308366239, 0.04913636, 0.729370236], "mouse": [0.201129735, 0.0402507074, 0.14577423], "mousemat": [0.4324622, 0.00716543244, 0.4369305], "tv": [0.365279466, 1.27743936, 1.71621156], "speaker": [0.435310364, 0.466902852, 0.3041172], "bedroom": [8.0, 3.0, 5.5], "maindoor": [0.8772774, 2.02771235, 0.3607769], "cabinet": [0.7499999, 1.124, 0.514], "bed": [1.78499985, 0.3315, 0.994499862], "sundae": [0.120808713, 0.248650819, 0.08554674], "cupcake": [0.0998842, 0.09922324, 0.09984723], "juice": [0.177776024, 0.4060781, 0.1779787], "candybar": [0.0610240139, 0.03216298, 0.201716], "wine": [0.11009407, 0.4328475, 0.11009407], "amplifier": [0.9321515, 1.12656152, 0.4773722], "radio": [0.182548523, 0.18869257, 0.3050003], "orchid": [0.2402935, 0.193984866, 0.2402935], "guitar": [0.264243, 0.8678551, 0.295602769], "perfume": [0.05325371, 0.152845576, 0.05325371], "slippers": [0.368450165, 0.07181433, 0.321500778], "glasses": [0.121418, 0.0422956944, 0.120326996], "wineglass": [0.08954636, 0.190210134, 0.08954637], "longboard": [2.01613617, 0.15137893, 0.489022255], "boardgame": [0.34, 0.0085, 0.34], "game": [0.281829834, 0.247551918, 0.129282], "sportsball": [0.0927273557, 0.0955105945, 0.0915224552], "magazine": [0.209999084, 0.00999999, 0.279999733], "toy": [0.174640656, 0.256345034, 0.248718262]}