{"livingroom": [5.5, 3.0, 5.5], "floor": [2.5, 9.049975e-06, 2.50000024], "wall": [2.50000048, 2.50002766, 2.500045], "ceiling": [2.5, 9.059906e-06, 2.5], "doorjamb": [0.928397357, 2.058256, 0.122323133], "sofa": [1.038694, 0.9707001, 2.36470222], "chair": [0.149568185, 1.04890013, 0.940254152], "desk": [1.06799066, 0.950000048, 2.02800512], "tvstand": [0.494201779, 0.3199306, 1.40457344], "wallshelf": [1.00000143, 0.181955576, 0.272277832], "nightstand": [0.7479999, 0.484000027, 0.748], "closet": [0.6078454, 2.3640058, 1.50000834], "hanger": [0.4698082, 0.241116285, 0.0421867371], "clothesshirt": [0.569245934, 0.6939647, 0.0735305], "clothespants": [0.2970518, 0.6125164, 0.05334997], "closetdrawer": [0.565374553, 0.200446546, 0.45928818], "clothespile": [0.385493845, 0.08876744, 0.37900424], "tablelamp": [0.3638115, 0.5775014, 0.371454239], "ceilinglamp": [0.902002752, 0.148666143, 0.902002752], "walllamp": [0.1370904, 0.689956248, 0.175871015], "wallpictureframe": [0.0188177135, 0.566933155, 0.430994034], "orchid": [0.160437346, 0.129166365, 0.160437584], "rug": [1.39259887, 0.0114260959, 1.39259911], "pillow": [0.874123335, 0.202543631, 0.7736847], "book": [0.228691161, 0.02769946, 0.203991428], "hairproduct": [0.0739292055, 0.181035683, 0.07392878], "facecream": [0.08546614, 0.03152771, 0.08546619], "deodorant": [0.05799844, 0.1464077, 0.0579984933], "photoframe": [0.174736023, 0.212527975, 0.145380914], "wineglass": [0.08954637, 0.190210134, 0.089546375], "waterglass": [0.0681829453, 0.09403393, 0.0681829453], "cupcake": [0.09988428, 0.09922324, 0.09984731], "plate": [0.290419757, 0.0192230251, 0.290419757], "mug": [0.0899078548, 0.0995673, 0.121515974], "cellphone": [0.0699996948, 0.00999999, 0.156000018], "powersocket": [0.154280931, 0.0908238441, 0.0160645228], "lightswitch": [0.068677865, 0.0936371461, 0.00510568], "keyboard": [0.22163935, 0.04913636, 0.7072001], "mouse": [0.2096219, 0.0402507074, 0.189277947], "mousemat": [0.4706921, 0.00716543244, 0.466602445], "cpuscreen": [0.2886323, 0.6776071, 0.926601], "tv": [0.180742726, 0.6320856, 0.8491931], "computer": [0.745985866, 0.7359814, 0.258685619], "remotecontrol": [0.199167743, 0.0333375, 0.07872412], "kitchen": [5.5, 3.0, 8.0], "door": [0.9283974, 1.0, 0.9283974], "kitchentable": [1.23741293, 0.7701135, 1.67945707], "bookshelf": [0.2181721, 1.51084149, 1.4412992], "kitchencabinets": [0.381677181, 0.70001173, 3.00000286], "kitchencounter": [3.785079, 1.28480577, 3.78507662], "sink": [0.5249971, 2.220446e-18, 0.377200037], "faucet": [0.0999999046, 0.0999999642, 0.100000381], "stovefan": [0.9244467, 0.450402617, 0.621286452], "stove": [1.00200033, 1.08, 0.83199966], "oventray": [0.9338231, 0.02155888, 0.6174077], "dishwasher": [0.968000352, 1.0200001, 0.789999664], "fridge": [0.711999357, 2.12600017, 0.8900006], "toaster": [0.31589812, 0.20953165, 0.202184051], "breadslice": [0.217281789, 0.21266368, 0.0127000213], "coffeemaker": [0.3732064, 0.3595001, 0.3348397], "microwave": [0.6391753, 0.3316934, 0.403464526], "dishbowl": [0.468810827, 0.08779088, 0.468810827], "washingsponge": [0.07297797, 0.122308165, 0.191892788], "dishwashingliquid": [0.1082032, 0.29705584, 0.137231022], "perfume": [0.05325372, 0.152845576, 0.05325372], "cookingpot": [0.2968352, 0.111272678, 0.256395042], "condimentbottle": [0.0603268258, 0.203781426, 0.06032738], "condimentshaker": [0.0497071035, 0.103446111, 0.0573968068], "box": [0.310811043, 0.141684666, 0.22714968], "folder": [0.2811513, 0.319757044, 0.07499981], "coffeepot": [0.287295341, 0.131893277, 0.271331549], "wallphone": [0.0193605591, 0.269949377, 0.09333785], "bananas": [0.2038395, 0.139104441, 0.2392869], "mincedmeat": [0.288903981, 0.0460341, 0.2615109], "cutlets": [0.361454874, 0.06162097, 0.323149145], "chocolatesyrup": [0.11949186, 0.202268228, 0.1308295], "cereal": [0.223858938, 0.294145018, 0.232001215], "pudding": [0.126299411, 0.0655626, 0.132924], "pie": [0.252854139, 0.0602128021, 0.25285387], "bedroom": [5.5, 3.0, 5.5], "radio": [0.240000069, 0.2850001, 0.504999161], "bed": [1.90541756, 0.2851715, 2.40074158], "cabinet": [0.379999965, 1.05, 1.17999983], "bathroom": [5.5, 3.0, 5.5], "stall": [1.56272233, 2.50001717, 1.56474066], "curtains": [0.3018598, 2.29940414, 0.0515094735], "toilet": [0.6544998, 0.460700065, 0.678300142], "bathroomcabinet": [2.85160756, 0.757355332, 0.135947913], "bathroomcounter": [2.86199951, 0.39, 0.652000666], "towelrack": [0.496149659, 0.0247555971, 0.08646027], "towel": [0.316705555, 0.4129926, 0.03320746], "toiletpaper": [0.156655237, 0.178975016, 0.2160597], "slippers": [0.438432217, 0.07181435, 0.463725567], "toothbrush": [0.05183224, 0.182852581, 0.042748224], "barsoap": [0.148812041, 0.0433942862, 0.141865045], "painkillers": [0.09693277, 0.1261858, 0.09674847], "toothpaste": [0.147208869, 0.0335556157, 0.173298508], "washingmachine": [0.662400067, 0.998400033, 0.7248]}