{"bathroom": [5.5, 3.0, 5.5], "wall": [2.50000048, 2.50002766, 2.500045], "ceiling": [2.500001, 9.059906e-06, 2.5], "floor": [2.5, 9.049975e-06, 2.5], "toilet": [0.654499948, 0.460700065, 0.6783], "stall": [1.56272185, 2.50064278, 1.56474018], "bathroomcabinet": [2.85160756, 0.757355332, 0.135947749], "bathroomcounter": [2.86199975, 0.39, 0.6520002], "sink": [0.672391832, 2.220446e-18, 0.3771796], "faucet": [0.100000381, 0.0999999046, 0.0999999046], "curtains": [0.107336044, 1.15232587, 0.5931835], "toothbrush": [0.02593753, 0.23750563, 0.101253346], "waterglass": [0.105394363, 0.223012567, 0.1053946], "barsoap": [0.1504346, 0.0433942862, 0.136254564], "deodorant": [0.04111537, 0.1464077, 0.04111485], "facecream": [0.0645537749, 0.03152771, 0.06455387], "hairproduct": [0.0994313359, 0.181035683, 0.09943114], "toothpaste": [0.18595235, 0.0335556157, 0.108884767], "toiletpaper": [0.1566548, 0.178975016, 0.2160594], "rug": [1.69976425, 0.0139463525, 1.69976425], "wallpictureframe": [1.05119324, 1.38274789, 0.041721344], "walllamp": [0.130836368, 0.513281763, 0.101986162], "ceilinglamp": [0.527222157, 0.2709794, 0.5272212], "doorjamb": [0.122323252, 2.058256, 0.9283974], "door": [0.9283972, 1.0, 0.9283972], "lightswitch": [0.00510570453, 0.0936371461, 0.06867787], "washingmachine": [0.662399948, 0.998400033, 0.72480005], "kitchen": [8.0, 3.0, 8.0], "wallphone": [0.09333784, 0.269949377, 0.0193605684], "powersocket": [0.0160641018, 0.154280722, 0.0908234343], "cutleryknife": [0.0438155681, 0.316965282, 0.0187248085], "knifeblock": [0.556595862, 0.0448102057, 0.0131905591], "fryingpan": [0.6118113, 0.06835502, 0.596298635], "cookingpot": [0.441971123, 0.09484844, 0.414359033], "book": [0.261831284, 0.05725473, 0.308117628], "dishbowl": [0.3566913, 0.08779088, 0.3566913], "plate": [0.276615322, 0.0206677243, 0.276615322], "dishwashingliquid": [0.13639617, 0.29705584, 0.104696214], "condimentshaker": [0.05739681, 0.103446111, 0.0497071072], "clothespile": [0.195870876, 0.0973570347, 0.267202377], "garbagecan": [0.267670363, 0.539999962, 0.4741589], "cellphone": [0.11000061, 0.014436841, 0.0580000877], "pillow": [0.6773758, 0.204824567, 0.6500268], "candle": [0.117036, 0.137161791, 0.117036], "bench": [1.5776, 0.508300066, 0.350199819], "kitchentable": [2.0, 0.950000048, 1.09199977], "tvstand": [0.760000646, 0.492, 2.15999985], "kitchencabinets": [3.00000262, 0.70001173, 0.3816766], "kitchencounter": [0.3160001, 1.07, 0.7699999], "kitchencounterdrawer": [0.982079268, 0.272947937, 0.711184442], "bookshelf": [0.378, 1.88800013, 1.02200007], "stovefan": [0.9244467, 0.450402617, 0.621286452], "fridge": [0.7119998, 2.12600017, 0.8900002], "stove": [1.002, 1.08, 0.8319998], "oventray": [0.933822632, 0.02155888, 0.6174073], "dishwasher": [0.9680001, 1.0200001, 0.789999843], "coffeemaker": [0.349393517, 0.3595001, 0.262010068], "coffeepot": [0.2593689, 0.1318934, 0.223009944], "toaster": [0.2870215, 0.20953165, 0.361749649], "breadslice": [0.07677662, 0.21266368, 0.211219281], "microwave": [0.6532835, 0.3868195, 0.392511964], "chicken": [0.2481552, 0.100878, 0.148635], "cutlets": [0.3578987, 0.06162097, 0.33982116], "apple": [0.101994418, 0.121887282, 0.113265559], "creamybuns": [0.137471721, 0.288347453, 0.101389147], "chips": [0.182101369, 0.237880111, 0.159095854], "chocolatesyrup": [0.12382403, 0.202268228, 0.129567534], "poundcake": [0.2708312, 0.1003212, 0.2708312], "bedroom": [8.0, 3.0, 8.0], "window": [0.113748632, 1.02450514, 2.11254787], "nightstand": [0.748, 0.484000027, 0.748000145], "desk": [2.02799988, 0.950000048, 1.0680002], "chair": [0.7192619, 1.3277, 0.529514968], "bed": [1.90541792, 0.2851715, 2.400742], "sofa": [3.28798938, 0.885772169, 3.88881779], "coffeetable": [1.27999985, 0.244000018, 1.28000009], "cabinet": [0.75, 1.124, 0.514], "computer": [0.258682221, 0.7359814, 0.7459847], "cpuscreen": [0.9265996, 0.6776071, 0.288628072], "keyboard": [0.707199037, 0.04913636, 0.221636161], "mouse": [0.169668883, 0.0402507074, 0.2085543], "mousemat": [0.436930567, 0.00716543244, 0.432462245], "radio": [0.5580015, 0.284999967, 0.4102459], "mug": [0.0899078548, 0.0995673, 0.121515974], "photoframe": [0.136339039, 0.212528616, 0.175088838], "box": [0.278566, 0.19462195, 0.404684722], "bananas": [0.09601424, 0.09271974, 0.2659911], "lime": [0.070012, 0.08616312, 0.0897563845], "peach": [0.07446259, 0.0829791054, 0.09061618], "plum": [0.0785659254, 0.06574333, 0.057216], "paper": [0.1960001, 0.004999995, 0.270000041], "papertray": [0.3733487, 0.317162335, 0.25], "folder": [0.285839081, 0.3197571, 0.09513712], "tablelamp": [0.279999971, 0.577501357, 0.26], "livingroom": [8.0, 3.0, 8.0], "closet": [0.5089428, 2.00000715, 2.0001266], "tv": [0.365279883, 1.27743936, 1.71621168], "orchid": [0.2402935, 0.193984777, 0.2402935], "hanger": [0.366611481, 0.191701889, 0.09550142], "clothesshirt": [0.455966949, 0.6388855, 0.1359744], "clothespants": [0.236698151, 0.4869871, 0.08578682], "remotecontrol": [0.0659999847, 0.0299999863, 0.222999573]}