{"kitchen": [8.0, 3.0, 8.0], "floor": [2.5, 9.049975e-06, 2.5], "ceiling": [2.5, 9.059906e-06, 2.5], "wall": [2.50000143, 2.50002766, 2.500046], "door": [0.9283972, 1.0, 0.9283972], "doorjamb": [0.928398132, 2.058256, 0.122323155], "window": [0.113748126, 1.02450514, 2.11254787], "ceilinglamp": [0.527222157, 0.2709794, 0.5272212], "walllamp": [0.1019972, 0.513281763, 0.13084498], "milk": [0.120123953, 0.2350826, 0.120124929], "apple": [0.102413811, 0.109107547, 0.104726404], "bananas": [0.09375089, 0.09053407, 0.259720862], "lime": [0.06836161, 0.0841319859, 0.08764055], "peach": [0.08654429, 0.0877984241, 0.06836161], "plum": [0.07671389, 0.06419356, 0.0558672436], "dishbowl": [0.3566913, 0.08779088, 0.3566913], "creamybuns": [0.235179, 0.124066733, 0.274914473], "chocolatesyrup": [0.1250376, 0.197500154, 0.123310074], "cereal": [0.2460767, 0.28721112, 0.157946289], "candybar": [0.188725173, 0.0314048, 0.172877476], "cutlets": [0.319978, 0.0601683743, 0.352518916], "chips": [0.194896773, 0.2549844, 0.1746549], "pancake": [0.1986391, 0.08202022, 0.198639125], "crackers": [0.207331583, 0.0476646572, 0.152128547], "pear": [0.124308914, 0.101695247, 0.16369386], "chair": [0.9092169, 1.04890013, 0.282441318], "kitchentable": [1.22600007, 0.808, 1.67000008], "kitchencabinets": [0.3816763, 0.70001173, 3.00000286], "kitchencounter": [0.770000041, 1.07, 0.316], "kitchencounterdrawer": [0.7111844, 0.272947937, 0.982079268], "sink": [0.600000143, 2.220446e-18, 0.3000001], "faucet": [0.0999999046, 0.0999999642, 0.100000381], "sofa": [2.36469984, 0.9707001, 1.03869963], "nightstand": [0.748, 0.484000027, 0.747999966], "wallshelf": [1.0, 0.1819556, 0.272273183], "toaster": [0.3615408, 0.20953165, 0.286513567], "breadslice": [0.211329222, 0.21266368, 0.0763485], "stovefan": [0.6212864, 0.450402617, 0.9244467], "fridge": [0.8900001, 2.12600017, 0.7120002], "dishwasher": [0.79, 1.0200001, 0.968000054], "stove": [0.832, 1.08, 1.002], "oventray": [0.6174071, 0.02155888, 0.933822632], "coffeemaker": [0.307217926, 0.3595001, 0.367853224], "coffeepot": [0.25369072, 0.1318934, 0.278920174], "microwave": [0.519649565, 0.304743826, 0.623269439], "plate": [0.290419757, 0.0192230251, 0.290419757], "washingsponge": [0.2215752, 0.0488643944, 0.208294809], "dishwashingliquid": [0.119261861, 0.2970563, 0.13844946], "cutleryknife": [0.251150727, 0.00555667048, 0.0189811755], "knifeblock": [0.0131904939, 0.0448102057, 0.5565959], "condimentshaker": [0.0497071035, 0.103446111, 0.0573968068], "mug": [0.0899078548, 0.0995673, 0.121515974], "cookingpot": [0.3959679, 0.09261257, 0.436189175], "fryingpan": [0.5957611, 0.06674368, 0.5845501], "waterglass": [0.08951233, 0.123450167, 0.08951233], "condimentbottle": [0.0603268258, 0.203781426, 0.06032738], "cutleryfork": [0.255272448, 0.0189408828, 0.0251460671], "book": [0.05725479, 0.2769183, 0.221235037], "box": [0.257304549, 0.129313931, 0.3120644], "photoframe": [0.149286926, 0.212527975, 0.174105868], "cellphone": [0.0540008545, 0.0191999674, 0.131999969], "rug": [1.69976425, 0.0139463525, 1.69976425], "orchid": [0.2402935, 0.193984792, 0.2402935], "candle": [0.0827575549, 0.137161791, 0.0827579647], "wallpictureframe": [0.955631256, 1.2570436, 0.041721344], "curtains": [0.107336044, 1.15232587, 0.5931835], "lightswitch": [0.00510568824, 0.0936371461, 0.06867787], "powersocket": [0.01606408, 0.154280722, 0.09082343], "wallphone": [0.09113765, 0.2635858, 0.01890421], "bathroom": [5.5, 3.0, 5.5], "toilet": [0.654499948, 0.460700065, 0.6783], "stall": [1.56272185, 2.50064278, 1.56474018], "bathroomcabinet": [2.85160756, 0.757355332, 0.135947749], "bathroomcounter": [2.86199975, 0.39, 0.6520002], "bucket": [0.319588453, 0.293127656, 0.29248473], "toothbrush": [0.02593753, 0.23750563, 0.101253346], "barsoap": [0.1504346, 0.0433942862, 0.136254564], "deodorant": [0.0510049462, 0.1464077, 0.0510052964], "facecream": [0.06541863, 0.03152771, 0.06541873], "hairproduct": [0.07414263, 0.181035683, 0.07414305], "toothpaste": [0.18595235, 0.0335556157, 0.108884767], "toiletpaper": [0.1566548, 0.178975016, 0.2160594], "washingmachine": [0.6624002, 0.998400033, 0.7248001], "bedroom": [5.5, 3.0, 5.5], "bookshelf": [0.320000023, 2.216, 2.114], "desk": [2.02799988, 0.950000048, 1.06799984], "bed": [2.40074158, 0.2851715, 1.90541744], "cabinet": [0.5140002, 1.124, 0.7500001], "radio": [0.3399868, 0.365140557, 0.8000002], "perfume": [0.05325372, 0.152845576, 0.05325372], "painkillers": [0.09543787, 0.126186147, 0.09495075], "cupcake": [0.118259713, 0.128895909, 0.118259408], "notes": [0.204785347, 0.09925628, 0.1500001], "pillow": [0.7817019, 0.202543557, 0.661311567], "livingroom": [8.0, 3.0, 8.0], "coffeetable": [1.28000009, 0.244000018, 1.27999973], "tvstand": [1.45475507, 0.331360638, 0.5118544], "closet": [0.6078461, 2.3640058, 1.50000858], "hanger": [0.469905853, 0.241116285, 0.0375016928], "closetdrawer": [0.565375, 0.200448319, 0.9477489], "computer": [0.258682221, 0.7359814, 0.7459847], "cpuscreen": [0.9265996, 0.6776071, 0.288628072], "keyboard": [0.707199037, 0.04913636, 0.221636161], "mousemat": [0.436930478, 0.00716543244, 0.432462156], "mouse": [0.169668853, 0.0402507074, 0.2085543], "tv": [1.15586412, 0.8603518, 0.2460175], "clothespile": [0.308263779, 0.1312095, 0.3896227], "wineglass": [0.089546375, 0.190210134, 0.08954637], "milkshake": [0.09153122, 0.302952021, 0.122949906], "folder": [0.281150818, 0.319756985, 0.07499981], "tablelamp": [0.364088058, 0.5775014, 0.371665955]}